INSERT INTO Selo(nome_selo) VALUES ('MELHOR ANIME/MANGA - harem');
INSERT INTO Selo(nome_selo) VALUES ('MELHOR ANIME/MANGA - parody');
INSERT INTO Selo(nome_selo) VALUES ('MELHOR ANIME/MANGA - demons');
INSERT INTO Categoria(id_categoria,nome_categoria) VALUES (117,'demons');
INSERT INTO Categoria(id_categoria,nome_categoria) VALUES (671,'music');
INSERT INTO Categoria(id_categoria,nome_categoria) VALUES (650,'supernatural');
INSERT INTO Categoria(id_categoria,nome_categoria) VALUES (508,'demons');
INSERT INTO Categoria(id_categoria,nome_categoria) VALUES (780,'sports');
INSERT INTO Categoria(id_categoria,nome_categoria) VALUES (781,'demons');
INSERT INTO Categoria(id_categoria,nome_categoria) VALUES (599,'school');
INSERT INTO Categoria(id_categoria,nome_categoria) VALUES (796,'dementia');
INSERT INTO Categoria(id_categoria,nome_categoria) VALUES (375,'yaoi');
INSERT INTO Categoria(id_categoria,nome_categoria) VALUES (807,'mecha');
INSERT INTO Personagem(id_personagem,nome_personagem) VALUES (262,'Ana Rezende');
INSERT INTO Personagem(id_personagem,nome_personagem) VALUES (318,'Benício das');
INSERT INTO Personagem(id_personagem,nome_personagem) VALUES (465,'Lucca Lopes');
INSERT INTO Personagem(id_personagem,nome_personagem) VALUES (138,'Ana Rezende');
INSERT INTO Personagem(id_personagem,nome_personagem) VALUES (268,'Luiz Thomas');
INSERT INTO Personagem(id_personagem,nome_personagem) VALUES (366,'Emanuelly Rafael');
INSERT INTO Personagem(id_personagem,nome_personagem) VALUES (368,'Sarah Dias');
INSERT INTO Personagem(id_personagem,nome_personagem) VALUES (427,'João Guilherme');
INSERT INTO Personagem(id_personagem,nome_personagem) VALUES (191,'Mirella Cunha');
INSERT INTO Personagem(id_personagem,nome_personagem) VALUES (611,'Kamilly Castro');
INSERT INTO Dublador(id_dublador,nome_dublador) VALUES (910,'Benício Moreira');
INSERT INTO Dublador(id_dublador,nome_dublador) VALUES (919,'Elisa Barbosa');
INSERT INTO Dublador(id_dublador,nome_dublador) VALUES (525,'Camila Novaes');
INSERT INTO Dublador(id_dublador,nome_dublador) VALUES (149,'Srta. Vieira');
INSERT INTO Dublador(id_dublador,nome_dublador) VALUES (798,'João Gomes');
INSERT INTO Dublador(id_dublador,nome_dublador) VALUES (461,'João Duarte');
INSERT INTO Dublador(id_dublador,nome_dublador) VALUES (673,'Antônio Vicente');
INSERT INTO Dublador(id_dublador,nome_dublador) VALUES (215,'Helena Melo');
INSERT INTO Dublador(id_dublador,nome_dublador) VALUES (836,'Stella das');
INSERT INTO Dublador(id_dublador,nome_dublador) VALUES (937,'Carolina Cavalcanti');
INSERT INTO Usuario(cpf,nome_usuario,sexo,d_nasc,end_cep,end_num,tipo) VALUES ('382.670.951-95','Pedro Mendes','F',TO_DATE('1974-10-27', 'YYYY-MM-DD'),'51283-600',332,'Publicador');
INSERT INTO Usuario(cpf,nome_usuario,sexo,d_nasc,end_cep,end_num,tipo) VALUES ('214.783.596-09','Marcelo Costela','M',TO_DATE('1959-04-29', 'YYYY-MM-DD'),'89576452',96,'Normal');
INSERT INTO Usuario(cpf,nome_usuario,sexo,d_nasc,end_cep,end_num,tipo) VALUES ('135.047.289-14','Breno Ribeiro','M',TO_DATE('1924-03-30', 'YYYY-MM-DD'),'68550-693',233,'Publicador');
INSERT INTO Usuario(cpf,nome_usuario,sexo,d_nasc,end_cep,end_num,tipo) VALUES ('835.291.407-32','Sr. Calebe Costela','M',TO_DATE('1949-05-01', 'YYYY-MM-DD'),'60125-105',939,'Publicador');
INSERT INTO Usuario(cpf,nome_usuario,sexo,d_nasc,end_cep,end_num,tipo) VALUES ('450.189.326-51','Dr. Alexandre da Paz','F',TO_DATE('2005-05-24', 'YYYY-MM-DD'),'53262720',82,'Publicador');
INSERT INTO Usuario(cpf,nome_usuario,sexo,d_nasc,end_cep,end_num,tipo) VALUES ('362.958.714-37','Sra. Stephany Rodrigues','F',TO_DATE('1998-01-20', 'YYYY-MM-DD'),'45147-088',860,'Publicador');
INSERT INTO Usuario(cpf,nome_usuario,sexo,d_nasc,end_cep,end_num,tipo) VALUES ('245.109.678-02','Dr. João Gabriel Vieira','F',TO_DATE('1973-09-15', 'YYYY-MM-DD'),'05638414',563,'Normal');
INSERT INTO Usuario(cpf,nome_usuario,sexo,d_nasc,end_cep,end_num,tipo) VALUES ('260.918.437-96','Carlos Eduardo da Cunha','M',TO_DATE('1918-04-17', 'YYYY-MM-DD'),'17365589',919,'Normal');
INSERT INTO Usuario(cpf,nome_usuario,sexo,d_nasc,end_cep,end_num,tipo) VALUES ('589.461.237-37','Heitor Pinto','F',TO_DATE('1992-02-29', 'YYYY-MM-DD'),'56778-981',240,'Normal');
INSERT INTO Usuario(cpf,nome_usuario,sexo,d_nasc,end_cep,end_num,tipo) VALUES ('806.139.572-02','Dr. João Lucas Viana','F',TO_DATE('2001-10-26', 'YYYY-MM-DD'),'58537-035',52,'Publicador');
INSERT INTO Usuario(cpf,nome_usuario,sexo,d_nasc,end_cep,end_num,tipo) VALUES ('327.560.941-61','Lucas Monteiro','M',TO_DATE('1964-02-10', 'YYYY-MM-DD'),'70815285',184,'Normal');
INSERT INTO Usuario(cpf,nome_usuario,sexo,d_nasc,end_cep,end_num,tipo) VALUES ('138.604.295-15','Sra. Maria Sophia Porto','F',TO_DATE('2003-04-21', 'YYYY-MM-DD'),'16062-934',111,'Normal');
INSERT INTO Usuario(cpf,nome_usuario,sexo,d_nasc,end_cep,end_num,tipo) VALUES ('849.203.571-41','Bruno Barbosa','F',TO_DATE('1950-05-07', 'YYYY-MM-DD'),'45202391',562,'Publicador');
INSERT INTO Usuario(cpf,nome_usuario,sexo,d_nasc,end_cep,end_num,tipo) VALUES ('219.703.468-50','Kamilly Barbosa','F',TO_DATE('2018-03-14', 'YYYY-MM-DD'),'19457893',945,'Normal');
INSERT INTO Usuario(cpf,nome_usuario,sexo,d_nasc,end_cep,end_num,tipo) VALUES ('845.092.136-89','Lucas Gabriel Correia','F',TO_DATE('1971-09-24', 'YYYY-MM-DD'),'75933-916',519,'Publicador');
INSERT INTO Usuario(cpf,nome_usuario,sexo,d_nasc,end_cep,end_num,tipo) VALUES ('219.853.706-03','Luiz Otávio Moura','F',TO_DATE('1980-02-24', 'YYYY-MM-DD'),'14932-779',597,'Normal');
INSERT INTO Usuario(cpf,nome_usuario,sexo,d_nasc,end_cep,end_num,tipo) VALUES ('954.021.687-76','Dra. Ana Clara Carvalho','F',TO_DATE('1933-03-21', 'YYYY-MM-DD'),'76620-949',163,'Normal');
INSERT INTO Usuario(cpf,nome_usuario,sexo,d_nasc,end_cep,end_num,tipo) VALUES ('206.943.571-70','Julia Gomes','M',TO_DATE('1906-12-25', 'YYYY-MM-DD'),'87349441',341,'Normal');
INSERT INTO Usuario(cpf,nome_usuario,sexo,d_nasc,end_cep,end_num,tipo) VALUES ('475.216.093-52','Sabrina Gonçalves','M',TO_DATE('2022-10-13', 'YYYY-MM-DD'),'48281035',136,'Normal');
INSERT INTO Usuario(cpf,nome_usuario,sexo,d_nasc,end_cep,end_num,tipo) VALUES ('634.518.720-80','João Vitor Correia','F',TO_DATE('1930-03-16', 'YYYY-MM-DD'),'79136-477',596,'Normal');
INSERT INTO Usuario(cpf,nome_usuario,sexo,d_nasc,end_cep,end_num,tipo) VALUES ('574.186.029-01','Brenda Farias','F',TO_DATE('1912-03-10', 'YYYY-MM-DD'),'55050-134',499,'Publicador');
INSERT INTO Usuario(cpf,nome_usuario,sexo,d_nasc,end_cep,end_num,tipo) VALUES ('480.126.539-15','João Vitor Viana','F',TO_DATE('1979-11-07', 'YYYY-MM-DD'),'40929943',820,'Normal');
INSERT INTO Usuario(cpf,nome_usuario,sexo,d_nasc,end_cep,end_num,tipo) VALUES ('192.546.083-51','Júlia Rocha','M',TO_DATE('1971-01-20', 'YYYY-MM-DD'),'73475-823',394,'Normal');
INSERT INTO Usuario(cpf,nome_usuario,sexo,d_nasc,end_cep,end_num,tipo) VALUES ('065.179.834-57','Lívia da Rosa','F',TO_DATE('1971-12-11', 'YYYY-MM-DD'),'11665-589',220,'Publicador');
INSERT INTO Usuario(cpf,nome_usuario,sexo,d_nasc,end_cep,end_num,tipo) VALUES ('163.248.957-00','Alícia Oliveira','F',TO_DATE('2006-06-24', 'YYYY-MM-DD'),'18247-583',916,'Publicador');
INSERT INTO Usuario(cpf,nome_usuario,sexo,d_nasc,end_cep,end_num,tipo) VALUES ('240.685.379-92','Maria Julia Monteiro','F',TO_DATE('1959-12-15', 'YYYY-MM-DD'),'77906-206',649,'Normal');
INSERT INTO Usuario(cpf,nome_usuario,sexo,d_nasc,end_cep,end_num,tipo) VALUES ('938.471.260-40','Ana Martins','M',TO_DATE('1908-04-11', 'YYYY-MM-DD'),'61079-775',981,'Publicador');
INSERT INTO Usuario(cpf,nome_usuario,sexo,d_nasc,end_cep,end_num,tipo) VALUES ('249.763.580-38','Stephany Nascimento','M',TO_DATE('1914-01-19', 'YYYY-MM-DD'),'10448733',497,'Publicador');
INSERT INTO Usuario(cpf,nome_usuario,sexo,d_nasc,end_cep,end_num,tipo) VALUES ('126.890.734-04','Alana Barbosa','M',TO_DATE('1915-09-16', 'YYYY-MM-DD'),'75545-912',163,'Normal');
INSERT INTO Usuario(cpf,nome_usuario,sexo,d_nasc,end_cep,end_num,tipo) VALUES ('847.150.239-97','Enzo Gabriel Rezende','M',TO_DATE('1913-04-17', 'YYYY-MM-DD'),'54140709',456,'Publicador');
INSERT INTO Usuario(cpf,nome_usuario,sexo,d_nasc,end_cep,end_num,tipo) VALUES ('268.345.197-00','Yago Freitas','F',TO_DATE('2013-01-23', 'YYYY-MM-DD'),'50344-373',813,'Publicador');
INSERT INTO Usuario(cpf,nome_usuario,sexo,d_nasc,end_cep,end_num,tipo) VALUES ('798.146.053-01','Sophia Novaes','F',TO_DATE('1960-07-19', 'YYYY-MM-DD'),'12353289',817,'Normal');
INSERT INTO Usuario(cpf,nome_usuario,sexo,d_nasc,end_cep,end_num,tipo) VALUES ('614.903.258-24','Melissa Santos','M',TO_DATE('1945-08-30', 'YYYY-MM-DD'),'13801762',410,'Normal');
INSERT INTO Usuario(cpf,nome_usuario,sexo,d_nasc,end_cep,end_num,tipo) VALUES ('035.692.471-80','Nina da Luz','F',TO_DATE('1931-05-18', 'YYYY-MM-DD'),'95019-030',890,'Publicador');
INSERT INTO Usuario(cpf,nome_usuario,sexo,d_nasc,end_cep,end_num,tipo) VALUES ('590.318.726-95','Dr. Luiz Otávio Martins','F',TO_DATE('2001-01-08', 'YYYY-MM-DD'),'72422-339',942,'Publicador');
INSERT INTO Usuario(cpf,nome_usuario,sexo,d_nasc,end_cep,end_num,tipo) VALUES ('041.967.258-30','Sra. Raquel Costela','M',TO_DATE('1974-07-03', 'YYYY-MM-DD'),'66017-361',891,'Normal');
INSERT INTO Usuario(cpf,nome_usuario,sexo,d_nasc,end_cep,end_num,tipo) VALUES ('473.261.980-04','Eduardo Ferreira','F',TO_DATE('1946-04-06', 'YYYY-MM-DD'),'21367-114',402,'Publicador');
INSERT INTO Usuario(cpf,nome_usuario,sexo,d_nasc,end_cep,end_num,tipo) VALUES ('291.684.075-30','Murilo Campos','F',TO_DATE('1933-02-28', 'YYYY-MM-DD'),'33649060',679,'Publicador');
INSERT INTO Usuario(cpf,nome_usuario,sexo,d_nasc,end_cep,end_num,tipo) VALUES ('823.941.760-40','Camila da Mota','M',TO_DATE('1931-01-16', 'YYYY-MM-DD'),'54976-515',515,'Normal');
INSERT INTO Usuario(cpf,nome_usuario,sexo,d_nasc,end_cep,end_num,tipo) VALUES ('295.086.137-77','Juan da Cunha','F',TO_DATE('2002-04-11', 'YYYY-MM-DD'),'61654485',962,'Normal');
INSERT INTO Usuario(cpf,nome_usuario,sexo,d_nasc,end_cep,end_num,tipo) VALUES ('436.725.908-00','Davi Lucca Rodrigues','M',TO_DATE('1980-03-22', 'YYYY-MM-DD'),'74292-611',677,'Publicador');
INSERT INTO Usuario(cpf,nome_usuario,sexo,d_nasc,end_cep,end_num,tipo) VALUES ('712.596.048-02','Pedro Henrique Mendes','M',TO_DATE('2018-06-23', 'YYYY-MM-DD'),'02659544',957,'Normal');
INSERT INTO Usuario(cpf,nome_usuario,sexo,d_nasc,end_cep,end_num,tipo) VALUES ('528.194.760-58','Srta. Maria Julia Cavalcanti','M',TO_DATE('1960-07-25', 'YYYY-MM-DD'),'26149-334',437,'Publicador');
INSERT INTO Usuario(cpf,nome_usuario,sexo,d_nasc,end_cep,end_num,tipo) VALUES ('571.284.603-90','Maria Fernanda Barros','F',TO_DATE('1956-04-10', 'YYYY-MM-DD'),'82715-064',91,'Normal');
INSERT INTO Usuario(cpf,nome_usuario,sexo,d_nasc,end_cep,end_num,tipo) VALUES ('604.127.853-07','Nicole da Paz','F',TO_DATE('1907-06-06', 'YYYY-MM-DD'),'96212316',541,'Normal');
INSERT INTO Usuario(cpf,nome_usuario,sexo,d_nasc,end_cep,end_num,tipo) VALUES ('329.185.076-95','Manuela Monteiro','F',TO_DATE('1930-12-27', 'YYYY-MM-DD'),'97408-135',366,'Publicador');
INSERT INTO Usuario(cpf,nome_usuario,sexo,d_nasc,end_cep,end_num,tipo) VALUES ('356.748.091-00','Dra. Bruna Cardoso','F',TO_DATE('2002-06-13', 'YYYY-MM-DD'),'37622037',675,'Publicador');
INSERT INTO Usuario(cpf,nome_usuario,sexo,d_nasc,end_cep,end_num,tipo) VALUES ('475.698.130-57','João Gabriel Rezende','F',TO_DATE('1935-12-14', 'YYYY-MM-DD'),'28030678',750,'Publicador');
INSERT INTO Usuario(cpf,nome_usuario,sexo,d_nasc,end_cep,end_num,tipo) VALUES ('413.985.726-91','Davi Ribeiro','F',TO_DATE('2011-09-10', 'YYYY-MM-DD'),'28739544',850,'Publicador');
INSERT INTO Usuario(cpf,nome_usuario,sexo,d_nasc,end_cep,end_num,tipo) VALUES ('928.107.564-49','Sr. Rodrigo Freitas','M',TO_DATE('1987-06-25', 'YYYY-MM-DD'),'38089-960',513,'Publicador');
INSERT INTO Usuario(cpf,nome_usuario,sexo,d_nasc,end_cep,end_num,tipo) VALUES ('361.429.875-28','Pietro da Luz','F',TO_DATE('1989-07-18', 'YYYY-MM-DD'),'83969-261',419,'Normal');
INSERT INTO Usuario(cpf,nome_usuario,sexo,d_nasc,end_cep,end_num,tipo) VALUES ('930.845.217-60','Nathan Moura','F',TO_DATE('1922-05-02', 'YYYY-MM-DD'),'27517-794',531,'Publicador');
INSERT INTO Usuario(cpf,nome_usuario,sexo,d_nasc,end_cep,end_num,tipo) VALUES ('168.902.435-60','Daniela da Rocha','F',TO_DATE('1950-07-05', 'YYYY-MM-DD'),'86922977',383,'Normal');
INSERT INTO Usuario(cpf,nome_usuario,sexo,d_nasc,end_cep,end_num,tipo) VALUES ('489.721.603-69','Srta. Ana Beatriz Ribeiro','M',TO_DATE('1947-02-12', 'YYYY-MM-DD'),'94688309',504,'Publicador');
INSERT INTO Usuario(cpf,nome_usuario,sexo,d_nasc,end_cep,end_num,tipo) VALUES ('598.072.143-60','Diogo Cardoso','F',TO_DATE('2010-08-28', 'YYYY-MM-DD'),'78447269',950,'Normal');
INSERT INTO Usuario(cpf,nome_usuario,sexo,d_nasc,end_cep,end_num,tipo) VALUES ('893.671.240-31','Maria Clara Teixeira','M',TO_DATE('2017-10-07', 'YYYY-MM-DD'),'14832204',244,'Publicador');
INSERT INTO Usuario(cpf,nome_usuario,sexo,d_nasc,end_cep,end_num,tipo) VALUES ('264.705.189-58','Isis Aragão','M',TO_DATE('1936-08-07', 'YYYY-MM-DD'),'45519981',965,'Normal');
INSERT INTO Usuario(cpf,nome_usuario,sexo,d_nasc,end_cep,end_num,tipo) VALUES ('360.541.879-10','Luna Rodrigues','M',TO_DATE('1997-08-21', 'YYYY-MM-DD'),'68164-528',266,'Publicador');
INSERT INTO Usuario(cpf,nome_usuario,sexo,d_nasc,end_cep,end_num,tipo) VALUES ('489.563.072-29','Raquel Martins','M',TO_DATE('1974-09-18', 'YYYY-MM-DD'),'91196-004',929,'Publicador');
INSERT INTO Usuario(cpf,nome_usuario,sexo,d_nasc,end_cep,end_num,tipo) VALUES ('820.169.473-22','Dra. Manuela Castro','M',TO_DATE('1977-10-26', 'YYYY-MM-DD'),'72546875',868,'Normal');
INSERT INTO Usuario(cpf,nome_usuario,sexo,d_nasc,end_cep,end_num,tipo) VALUES ('915.378.402-23','Maria Sophia Pereira','M',TO_DATE('1975-04-02', 'YYYY-MM-DD'),'40569406',589,'Publicador');
INSERT INTO Usuario(cpf,nome_usuario,sexo,d_nasc,end_cep,end_num,tipo) VALUES ('452.681.370-26','Luiz Gustavo da Luz','F',TO_DATE('1959-03-28', 'YYYY-MM-DD'),'98177799',467,'Publicador');
INSERT INTO Usuario(cpf,nome_usuario,sexo,d_nasc,end_cep,end_num,tipo) VALUES ('931.476.028-69','Juliana Azevedo','M',TO_DATE('1984-07-27', 'YYYY-MM-DD'),'41282-262',58,'Publicador');
INSERT INTO Usuario(cpf,nome_usuario,sexo,d_nasc,end_cep,end_num,tipo) VALUES ('524.609.738-29','Laura Alves','F',TO_DATE('1978-10-21', 'YYYY-MM-DD'),'34196474',379,'Publicador');
INSERT INTO Usuario(cpf,nome_usuario,sexo,d_nasc,end_cep,end_num,tipo) VALUES ('378.946.510-01','Sr. Enzo Gabriel Moura','M',TO_DATE('1961-10-02', 'YYYY-MM-DD'),'72247209',244,'Normal');
INSERT INTO Usuario(cpf,nome_usuario,sexo,d_nasc,end_cep,end_num,tipo) VALUES ('214.650.879-58','Yago Rocha','M',TO_DATE('1933-06-25', 'YYYY-MM-DD'),'73573442',767,'Publicador');
INSERT INTO Usuario(cpf,nome_usuario,sexo,d_nasc,end_cep,end_num,tipo) VALUES ('167.502.894-01','Sra. Isis Rodrigues','M',TO_DATE('2017-10-12', 'YYYY-MM-DD'),'56300675',216,'Publicador');
INSERT INTO Usuario(cpf,nome_usuario,sexo,d_nasc,end_cep,end_num,tipo) VALUES ('968.752.104-01','Srta. Giovanna Martins','M',TO_DATE('1956-03-08', 'YYYY-MM-DD'),'64443925',975,'Normal');
INSERT INTO Usuario(cpf,nome_usuario,sexo,d_nasc,end_cep,end_num,tipo) VALUES ('609.271.485-01','Antônio Jesus','F',TO_DATE('1954-09-12', 'YYYY-MM-DD'),'23802063',243,'Normal');
INSERT INTO Usuario(cpf,nome_usuario,sexo,d_nasc,end_cep,end_num,tipo) VALUES ('267.504.189-02','Luigi Nogueira','F',TO_DATE('1934-12-17', 'YYYY-MM-DD'),'84323-575',273,'Publicador');
INSERT INTO Usuario(cpf,nome_usuario,sexo,d_nasc,end_cep,end_num,tipo) VALUES ('347.620.851-62','Enzo Gabriel Fogaça','M',TO_DATE('1977-11-21', 'YYYY-MM-DD'),'24481893',29,'Normal');
INSERT INTO Usuario(cpf,nome_usuario,sexo,d_nasc,end_cep,end_num,tipo) VALUES ('149.357.086-20','Eduardo da Rosa','M',TO_DATE('1946-11-27', 'YYYY-MM-DD'),'31336-188',11,'Normal');
INSERT INTO Usuario(cpf,nome_usuario,sexo,d_nasc,end_cep,end_num,tipo) VALUES ('619.058.327-02','Sarah Campos','F',TO_DATE('1989-08-01', 'YYYY-MM-DD'),'64615665',939,'Publicador');
INSERT INTO Usuario(cpf,nome_usuario,sexo,d_nasc,end_cep,end_num,tipo) VALUES ('639.041.875-20','Emanuel Correia','M',TO_DATE('1932-07-17', 'YYYY-MM-DD'),'37165-943',94,'Publicador');
INSERT INTO Usuario(cpf,nome_usuario,sexo,d_nasc,end_cep,end_num,tipo) VALUES ('904.367.581-48','Luiz Otávio Moreira','F',TO_DATE('2007-09-11', 'YYYY-MM-DD'),'69916-004',612,'Normal');
INSERT INTO Usuario(cpf,nome_usuario,sexo,d_nasc,end_cep,end_num,tipo) VALUES ('168.920.745-02','Vinicius Aragão','F',TO_DATE('1997-09-03', 'YYYY-MM-DD'),'40280187',504,'Normal');
INSERT INTO Usuario(cpf,nome_usuario,sexo,d_nasc,end_cep,end_num,tipo) VALUES ('914.206.785-58','Rafaela Duarte','M',TO_DATE('2013-07-31', 'YYYY-MM-DD'),'98985990',600,'Publicador');
INSERT INTO Usuario(cpf,nome_usuario,sexo,d_nasc,end_cep,end_num,tipo) VALUES ('680.439.152-70','Luiz Gustavo da Cruz','M',TO_DATE('1969-08-21', 'YYYY-MM-DD'),'98050-396',362,'Publicador');
INSERT INTO Usuario(cpf,nome_usuario,sexo,d_nasc,end_cep,end_num,tipo) VALUES ('278.045.619-11','Murilo Rezende','M',TO_DATE('1962-08-14', 'YYYY-MM-DD'),'27776-301',383,'Normal');
INSERT INTO Usuario(cpf,nome_usuario,sexo,d_nasc,end_cep,end_num,tipo) VALUES ('937.026.415-99','Sr. Vitor Gabriel Santos','M',TO_DATE('1918-05-23', 'YYYY-MM-DD'),'82932744',597,'Normal');
INSERT INTO Usuario(cpf,nome_usuario,sexo,d_nasc,end_cep,end_num,tipo) VALUES ('189.460.275-76','Elisa Freitas','M',TO_DATE('2001-05-01', 'YYYY-MM-DD'),'75702-364',341,'Publicador');
INSERT INTO Usuario(cpf,nome_usuario,sexo,d_nasc,end_cep,end_num,tipo) VALUES ('308.256.914-51','Bruna da Rocha','F',TO_DATE('1993-01-11', 'YYYY-MM-DD'),'91312343',176,'Publicador');
INSERT INTO Usuario(cpf,nome_usuario,sexo,d_nasc,end_cep,end_num,tipo) VALUES ('643.710.859-20','Sr. João Viana','F',TO_DATE('2008-08-17', 'YYYY-MM-DD'),'95718-500',87,'Normal');
INSERT INTO Usuario(cpf,nome_usuario,sexo,d_nasc,end_cep,end_num,tipo) VALUES ('352.601.874-07','Isis Pires','F',TO_DATE('1984-05-16', 'YYYY-MM-DD'),'37946-965',389,'Publicador');
INSERT INTO Usuario(cpf,nome_usuario,sexo,d_nasc,end_cep,end_num,tipo) VALUES ('981.274.360-03','Emanuella Caldeira','F',TO_DATE('1997-10-25', 'YYYY-MM-DD'),'23068039',73,'Publicador');
INSERT INTO Usuario(cpf,nome_usuario,sexo,d_nasc,end_cep,end_num,tipo) VALUES ('817.436.590-75','Luiz Fernando Caldeira','M',TO_DATE('1909-03-05', 'YYYY-MM-DD'),'40768-041',598,'Publicador');
INSERT INTO Usuario(cpf,nome_usuario,sexo,d_nasc,end_cep,end_num,tipo) VALUES ('317.924.860-22','Enzo Gabriel Cunha','F',TO_DATE('2001-10-18', 'YYYY-MM-DD'),'98464-089',97,'Normal');
INSERT INTO Usuario(cpf,nome_usuario,sexo,d_nasc,end_cep,end_num,tipo) VALUES ('916.720.485-67','Murilo da Rosa','M',TO_DATE('1911-09-05', 'YYYY-MM-DD'),'11809-880',982,'Normal');
INSERT INTO Usuario(cpf,nome_usuario,sexo,d_nasc,end_cep,end_num,tipo) VALUES ('160.573.249-43','Srta. Ana Carolina Silva','M',TO_DATE('1920-09-02', 'YYYY-MM-DD'),'80206095',274,'Normal');
INSERT INTO Usuario(cpf,nome_usuario,sexo,d_nasc,end_cep,end_num,tipo) VALUES ('967.831.024-40','Nina Fogaça','M',TO_DATE('1983-10-16', 'YYYY-MM-DD'),'90941684',299,'Publicador');
INSERT INTO Usuario(cpf,nome_usuario,sexo,d_nasc,end_cep,end_num,tipo) VALUES ('674.193.028-04','Marcela Carvalho','F',TO_DATE('1975-04-21', 'YYYY-MM-DD'),'18104-789',110,'Normal');
INSERT INTO Usuario(cpf,nome_usuario,sexo,d_nasc,end_cep,end_num,tipo) VALUES ('617.294.358-82','Esther da Paz','F',TO_DATE('1939-07-26', 'YYYY-MM-DD'),'59407792',253,'Normal');
INSERT INTO Usuario(cpf,nome_usuario,sexo,d_nasc,end_cep,end_num,tipo) VALUES ('381.254.697-37','Sofia das Neves','M',TO_DATE('2003-03-15', 'YYYY-MM-DD'),'10700-422',863,'Normal');
INSERT INTO Usuario(cpf,nome_usuario,sexo,d_nasc,end_cep,end_num,tipo) VALUES ('709.126.438-03','Larissa Oliveira','F',TO_DATE('1968-02-06', 'YYYY-MM-DD'),'31169-963',854,'Publicador');
INSERT INTO Usuario(cpf,nome_usuario,sexo,d_nasc,end_cep,end_num,tipo) VALUES ('460.829.713-96','Juan Jesus','M',TO_DATE('1927-06-08', 'YYYY-MM-DD'),'01509362',735,'Normal');
INSERT INTO Usuario(cpf,nome_usuario,sexo,d_nasc,end_cep,end_num,tipo) VALUES ('827.609.513-59','Erick da Mota','F',TO_DATE('2007-06-08', 'YYYY-MM-DD'),'75229-119',46,'Publicador');
INSERT INTO Usuario(cpf,nome_usuario,sexo,d_nasc,end_cep,end_num,tipo) VALUES ('278.154.396-91','Eduarda Pinto','M',TO_DATE('2017-09-24', 'YYYY-MM-DD'),'24967-047',770,'Normal');
INSERT INTO Usuario(cpf,nome_usuario,sexo,d_nasc,end_cep,end_num,tipo) VALUES ('742.019.653-25','Eduarda Castro','F',TO_DATE('2000-08-29', 'YYYY-MM-DD'),'48306169',135,'Normal');
INSERT INTO Usuario(cpf,nome_usuario,sexo,d_nasc,end_cep,end_num,tipo) VALUES ('370.951.624-25','Ana Laura Rocha','M',TO_DATE('1952-03-05', 'YYYY-MM-DD'),'25774993',39,'Normal');
INSERT INTO Usuario(cpf,nome_usuario,sexo,d_nasc,end_cep,end_num,tipo) VALUES ('591.043.876-00','Levi Monteiro','M',TO_DATE('1938-01-14', 'YYYY-MM-DD'),'19345381',101,'Publicador');
INSERT INTO Usuario(cpf,nome_usuario,sexo,d_nasc,end_cep,end_num,tipo) VALUES ('076.349.825-47','Dra. Cecília da Rocha','M',TO_DATE('1995-08-12', 'YYYY-MM-DD'),'19438-990',621,'Normal');
INSERT INTO Usuario(cpf,nome_usuario,sexo,d_nasc,end_cep,end_num,tipo) VALUES ('517.420.963-52','Laura Teixeira','M',TO_DATE('2018-03-16', 'YYYY-MM-DD'),'75168629',922,'Publicador');
INSERT INTO Usuario(cpf,nome_usuario,sexo,d_nasc,end_cep,end_num,tipo) VALUES ('349.680.275-83','João Miguel Dias','M',TO_DATE('1966-11-02', 'YYYY-MM-DD'),'51251-334',359,'Publicador');
INSERT INTO Usuario(cpf,nome_usuario,sexo,d_nasc,end_cep,end_num,tipo) VALUES ('368.107.294-96','Valentina Campos','M',TO_DATE('1994-06-06', 'YYYY-MM-DD'),'66291948',967,'Publicador');
INSERT INTO Usuario(cpf,nome_usuario,sexo,d_nasc,end_cep,end_num,tipo) VALUES ('426.580.917-02','João Lucas da Rosa','F',TO_DATE('1968-12-20', 'YYYY-MM-DD'),'08138-859',917,'Normal');
INSERT INTO Usuario(cpf,nome_usuario,sexo,d_nasc,end_cep,end_num,tipo) VALUES ('304.759.162-80','Ana Luiza Porto','M',TO_DATE('1983-07-27', 'YYYY-MM-DD'),'89420287',271,'Publicador');
INSERT INTO Usuario(cpf,nome_usuario,sexo,d_nasc,end_cep,end_num,tipo) VALUES ('314.907.856-39','Marcela Fernandes','M',TO_DATE('1982-08-26', 'YYYY-MM-DD'),'91626235',975,'Publicador');
INSERT INTO Usuario(cpf,nome_usuario,sexo,d_nasc,end_cep,end_num,tipo) VALUES ('971.452.803-88','Catarina Costa','M',TO_DATE('1936-03-30', 'YYYY-MM-DD'),'23905306',283,'Publicador');
INSERT INTO Usuario(cpf,nome_usuario,sexo,d_nasc,end_cep,end_num,tipo) VALUES ('935.870.214-14','Maria da Mata','F',TO_DATE('2006-07-07', 'YYYY-MM-DD'),'70125387',488,'Normal');
INSERT INTO Usuario(cpf,nome_usuario,sexo,d_nasc,end_cep,end_num,tipo) VALUES ('238.475.096-83','Dr. Pedro Miguel Silva','M',TO_DATE('1930-12-28', 'YYYY-MM-DD'),'23957-165',859,'Publicador');
INSERT INTO Usuario(cpf,nome_usuario,sexo,d_nasc,end_cep,end_num,tipo) VALUES ('851.907.642-49','Srta. Clarice Castro','M',TO_DATE('1993-03-23', 'YYYY-MM-DD'),'14424-897',639,'Publicador');
INSERT INTO Usuario(cpf,nome_usuario,sexo,d_nasc,end_cep,end_num,tipo) VALUES ('741.635.829-91','Isaac Castro','M',TO_DATE('1965-03-21', 'YYYY-MM-DD'),'90860-717',816,'Publicador');
INSERT INTO Usuario(cpf,nome_usuario,sexo,d_nasc,end_cep,end_num,tipo) VALUES ('791.480.236-04','Igor da Rosa','M',TO_DATE('1959-06-23', 'YYYY-MM-DD'),'40429133',172,'Publicador');
INSERT INTO Usuario(cpf,nome_usuario,sexo,d_nasc,end_cep,end_num,tipo) VALUES ('254.697.810-11','Guilherme Gonçalves','M',TO_DATE('2001-12-13', 'YYYY-MM-DD'),'18790-682',941,'Normal');
INSERT INTO Usuario(cpf,nome_usuario,sexo,d_nasc,end_cep,end_num,tipo) VALUES ('735.942.018-05','Brenda Melo','M',TO_DATE('1928-04-15', 'YYYY-MM-DD'),'83401777',167,'Publicador');
INSERT INTO Usuario(cpf,nome_usuario,sexo,d_nasc,end_cep,end_num,tipo) VALUES ('321.849.065-06','Leandro Porto','F',TO_DATE('1935-02-05', 'YYYY-MM-DD'),'13360101',948,'Publicador');
INSERT INTO Usuario(cpf,nome_usuario,sexo,d_nasc,end_cep,end_num,tipo) VALUES ('602.938.154-70','Dr. Guilherme Pires','M',TO_DATE('1982-07-31', 'YYYY-MM-DD'),'55513-933',476,'Normal');
INSERT INTO Usuario(cpf,nome_usuario,sexo,d_nasc,end_cep,end_num,tipo) VALUES ('408.762.913-96','Marcelo Costa','M',TO_DATE('1964-09-07', 'YYYY-MM-DD'),'27901-636',417,'Normal');
INSERT INTO Usuario(cpf,nome_usuario,sexo,d_nasc,end_cep,end_num,tipo) VALUES ('240.769.813-40','Marcos Vinicius Fogaça','M',TO_DATE('1958-03-16', 'YYYY-MM-DD'),'31263-319',787,'Publicador');
INSERT INTO Usuario(cpf,nome_usuario,sexo,d_nasc,end_cep,end_num,tipo) VALUES ('619.207.384-87','Ian Fernandes','M',TO_DATE('1991-12-26', 'YYYY-MM-DD'),'30748-030',480,'Normal');
INSERT INTO Usuario(cpf,nome_usuario,sexo,d_nasc,end_cep,end_num,tipo) VALUES ('058.193.762-77','Juan Caldeira','M',TO_DATE('1986-08-07', 'YYYY-MM-DD'),'21466-425',660,'Normal');
INSERT INTO Usuario(cpf,nome_usuario,sexo,d_nasc,end_cep,end_num,tipo) VALUES ('062.598.437-47','Maysa da Paz','M',TO_DATE('1953-08-29', 'YYYY-MM-DD'),'29752-185',72,'Normal');
INSERT INTO Usuario(cpf,nome_usuario,sexo,d_nasc,end_cep,end_num,tipo) VALUES ('762.108.394-87','Eduardo Rodrigues','M',TO_DATE('1958-09-09', 'YYYY-MM-DD'),'46900-528',506,'Normal');
INSERT INTO Usuario(cpf,nome_usuario,sexo,d_nasc,end_cep,end_num,tipo) VALUES ('596.843.120-24','Erick Carvalho','F',TO_DATE('1920-09-21', 'YYYY-MM-DD'),'45918989',334,'Normal');
INSERT INTO Usuario(cpf,nome_usuario,sexo,d_nasc,end_cep,end_num,tipo) VALUES ('749.268.301-40','Breno da Luz','M',TO_DATE('1916-03-31', 'YYYY-MM-DD'),'15586-637',684,'Normal');
INSERT INTO Usuario(cpf,nome_usuario,sexo,d_nasc,end_cep,end_num,tipo) VALUES ('840.521.367-80','Rebeca Rocha','M',TO_DATE('2019-11-24', 'YYYY-MM-DD'),'16889018',177,'Publicador');
INSERT INTO Usuario(cpf,nome_usuario,sexo,d_nasc,end_cep,end_num,tipo) VALUES ('091.643.285-89','Dra. Maria Vitória Pires','F',TO_DATE('2000-06-29', 'YYYY-MM-DD'),'81191-421',759,'Publicador');
INSERT INTO Usuario(cpf,nome_usuario,sexo,d_nasc,end_cep,end_num,tipo) VALUES ('260.437.895-74','Maria Luiza Lima','M',TO_DATE('1974-11-17', 'YYYY-MM-DD'),'14628338',99,'Publicador');
INSERT INTO Usuario(cpf,nome_usuario,sexo,d_nasc,end_cep,end_num,tipo) VALUES ('987.140.532-41','Davi Lucas Barbosa','M',TO_DATE('1989-04-09', 'YYYY-MM-DD'),'68050226',644,'Publicador');
INSERT INTO Usuario(cpf,nome_usuario,sexo,d_nasc,end_cep,end_num,tipo) VALUES ('175.463.098-75','Pedro Miguel Silva','M',TO_DATE('1937-12-27', 'YYYY-MM-DD'),'22841-489',888,'Normal');
INSERT INTO Usuario(cpf,nome_usuario,sexo,d_nasc,end_cep,end_num,tipo) VALUES ('608.914.723-04','Dr. Pietro Costa','F',TO_DATE('1947-12-24', 'YYYY-MM-DD'),'50454-724',375,'Publicador');
INSERT INTO Usuario(cpf,nome_usuario,sexo,d_nasc,end_cep,end_num,tipo) VALUES ('046.138.759-00','Enzo da Mota','F',TO_DATE('1993-01-12', 'YYYY-MM-DD'),'76751-589',493,'Normal');
INSERT INTO Usuario(cpf,nome_usuario,sexo,d_nasc,end_cep,end_num,tipo) VALUES ('150.734.298-50','Igor Fogaça','F',TO_DATE('1921-10-23', 'YYYY-MM-DD'),'68093534',684,'Publicador');
INSERT INTO Usuario(cpf,nome_usuario,sexo,d_nasc,end_cep,end_num,tipo) VALUES ('285.016.947-11','Sofia Moreira','M',TO_DATE('1979-12-14', 'YYYY-MM-DD'),'37600528',49,'Normal');
INSERT INTO Usuario(cpf,nome_usuario,sexo,d_nasc,end_cep,end_num,tipo) VALUES ('024.538.917-23','Sr. João Felipe da Luz','M',TO_DATE('2004-12-06', 'YYYY-MM-DD'),'10805370',75,'Publicador');
INSERT INTO Usuario(cpf,nome_usuario,sexo,d_nasc,end_cep,end_num,tipo) VALUES ('346.501.782-07','Srta. Clarice da Cruz','M',TO_DATE('2021-10-22', 'YYYY-MM-DD'),'34193777',280,'Normal');
INSERT INTO Usuario(cpf,nome_usuario,sexo,d_nasc,end_cep,end_num,tipo) VALUES ('867.904.321-40','Enzo Gabriel Gonçalves','F',TO_DATE('1959-10-16', 'YYYY-MM-DD'),'54784212',749,'Normal');
INSERT INTO Usuario(cpf,nome_usuario,sexo,d_nasc,end_cep,end_num,tipo) VALUES ('590.216.487-76','Vitor Cardoso','M',TO_DATE('2003-04-28', 'YYYY-MM-DD'),'15653020',665,'Publicador');
INSERT INTO Usuario(cpf,nome_usuario,sexo,d_nasc,end_cep,end_num,tipo) VALUES ('617.238.095-86','Dr. Breno Silva','M',TO_DATE('1932-07-24', 'YYYY-MM-DD'),'15890-720',44,'Normal');
INSERT INTO Usuario(cpf,nome_usuario,sexo,d_nasc,end_cep,end_num,tipo) VALUES ('921.867.435-82','Laura Souza','M',TO_DATE('1957-08-31', 'YYYY-MM-DD'),'77694125',474,'Publicador');
INSERT INTO Usuario(cpf,nome_usuario,sexo,d_nasc,end_cep,end_num,tipo) VALUES ('912.086.357-86','João Felipe Fernandes','F',TO_DATE('2014-07-06', 'YYYY-MM-DD'),'56477262',982,'Normal');
INSERT INTO Usuario(cpf,nome_usuario,sexo,d_nasc,end_cep,end_num,tipo) VALUES ('851.492.063-42','Luiz Otávio Duarte','M',TO_DATE('1926-11-07', 'YYYY-MM-DD'),'17299-292',54,'Normal');
INSERT INTO Usuario(cpf,nome_usuario,sexo,d_nasc,end_cep,end_num,tipo) VALUES ('354.076.219-16','Srta. Agatha da Cunha','F',TO_DATE('1990-04-26', 'YYYY-MM-DD'),'53726174',620,'Publicador');
INSERT INTO Usuario(cpf,nome_usuario,sexo,d_nasc,end_cep,end_num,tipo) VALUES ('593.170.682-86','Sr. Caio Souza','F',TO_DATE('1941-04-21', 'YYYY-MM-DD'),'34754448',207,'Publicador');
INSERT INTO Usuario(cpf,nome_usuario,sexo,d_nasc,end_cep,end_num,tipo) VALUES ('019.673.482-78','Elisa Rocha','M',TO_DATE('1934-08-20', 'YYYY-MM-DD'),'71985118',767,'Normal');
INSERT INTO Usuario(cpf,nome_usuario,sexo,d_nasc,end_cep,end_num,tipo) VALUES ('380.951.724-05','Dr. Davi Castro','M',TO_DATE('1945-12-10', 'YYYY-MM-DD'),'04585431',233,'Normal');
INSERT INTO Usuario(cpf,nome_usuario,sexo,d_nasc,end_cep,end_num,tipo) VALUES ('780.236.549-00','Theo Souza','M',TO_DATE('2016-02-06', 'YYYY-MM-DD'),'78066148',186,'Publicador');
INSERT INTO Usuario(cpf,nome_usuario,sexo,d_nasc,end_cep,end_num,tipo) VALUES ('932.650.478-65','João Felipe da Cruz','M',TO_DATE('1951-01-09', 'YYYY-MM-DD'),'30764519',955,'Publicador');
INSERT INTO Usuario(cpf,nome_usuario,sexo,d_nasc,end_cep,end_num,tipo) VALUES ('674.095.238-83','Anthony Souza','M',TO_DATE('2013-10-12', 'YYYY-MM-DD'),'07093534',398,'Publicador');
INSERT INTO Usuario(cpf,nome_usuario,sexo,d_nasc,end_cep,end_num,tipo) VALUES ('043.516.928-98','Ana Beatriz Teixeira','F',TO_DATE('1954-07-02', 'YYYY-MM-DD'),'20938438',179,'Normal');
INSERT INTO Usuario(cpf,nome_usuario,sexo,d_nasc,end_cep,end_num,tipo) VALUES ('916.047.235-99','Nicolas Barbosa','M',TO_DATE('2011-06-28', 'YYYY-MM-DD'),'79408-806',454,'Normal');
INSERT INTO Usuario(cpf,nome_usuario,sexo,d_nasc,end_cep,end_num,tipo) VALUES ('498.135.706-01','Valentina Freitas','M',TO_DATE('1917-11-28', 'YYYY-MM-DD'),'09719-353',450,'Normal');
INSERT INTO Usuario(cpf,nome_usuario,sexo,d_nasc,end_cep,end_num,tipo) VALUES ('829.541.036-98','Noah da Cruz','M',TO_DATE('1945-05-19', 'YYYY-MM-DD'),'79665950',171,'Publicador');
INSERT INTO Usuario(cpf,nome_usuario,sexo,d_nasc,end_cep,end_num,tipo) VALUES ('301.689.457-20','Srta. Vitória Pinto','F',TO_DATE('1933-05-29', 'YYYY-MM-DD'),'96333-737',173,'Normal');
INSERT INTO Usuario(cpf,nome_usuario,sexo,d_nasc,end_cep,end_num,tipo) VALUES ('540.162.398-42','Amanda Cardoso','M',TO_DATE('1944-09-23', 'YYYY-MM-DD'),'16598-184',778,'Publicador');
INSERT INTO Usuario(cpf,nome_usuario,sexo,d_nasc,end_cep,end_num,tipo) VALUES ('609.873.241-87','Marcelo Novaes','M',TO_DATE('1947-03-02', 'YYYY-MM-DD'),'58528521',543,'Normal');
INSERT INTO Usuario(cpf,nome_usuario,sexo,d_nasc,end_cep,end_num,tipo) VALUES ('690.247.318-87','Sra. Luana da Rocha','F',TO_DATE('2016-10-07', 'YYYY-MM-DD'),'72446-816',296,'Publicador');
INSERT INTO Usuario(cpf,nome_usuario,sexo,d_nasc,end_cep,end_num,tipo) VALUES ('267.435.018-08','Nina Cavalcanti','F',TO_DATE('1915-12-29', 'YYYY-MM-DD'),'20509-988',373,'Publicador');
INSERT INTO Usuario(cpf,nome_usuario,sexo,d_nasc,end_cep,end_num,tipo) VALUES ('490.178.256-85','Bruno Correia','F',TO_DATE('1954-07-27', 'YYYY-MM-DD'),'09757-778',643,'Normal');
INSERT INTO Usuario(cpf,nome_usuario,sexo,d_nasc,end_cep,end_num,tipo) VALUES ('028.417.936-13','Amanda Barros','F',TO_DATE('1936-01-18', 'YYYY-MM-DD'),'77537920',137,'Normal');
INSERT INTO Usuario(cpf,nome_usuario,sexo,d_nasc,end_cep,end_num,tipo) VALUES ('507.436.921-52','Amanda Jesus','F',TO_DATE('1915-02-15', 'YYYY-MM-DD'),'05837-464',651,'Normal');
INSERT INTO Usuario(cpf,nome_usuario,sexo,d_nasc,end_cep,end_num,tipo) VALUES ('437.160.529-06','Sra. Alícia Moreira','M',TO_DATE('1932-11-15', 'YYYY-MM-DD'),'92517-200',653,'Normal');
INSERT INTO Usuario(cpf,nome_usuario,sexo,d_nasc,end_cep,end_num,tipo) VALUES ('428.970.635-56','Vitor Hugo Nascimento','F',TO_DATE('1991-01-03', 'YYYY-MM-DD'),'82901-156',971,'Normal');
INSERT INTO Usuario(cpf,nome_usuario,sexo,d_nasc,end_cep,end_num,tipo) VALUES ('461.023.587-08','Luigi Viana','F',TO_DATE('1967-03-24', 'YYYY-MM-DD'),'62994144',275,'Publicador');
INSERT INTO Usuario(cpf,nome_usuario,sexo,d_nasc,end_cep,end_num,tipo) VALUES ('069.524.378-00','Yago da Luz','F',TO_DATE('1949-04-28', 'YYYY-MM-DD'),'64202697',798,'Publicador');
INSERT INTO Usuario(cpf,nome_usuario,sexo,d_nasc,end_cep,end_num,tipo) VALUES ('186.293.507-68','Mirella Moraes','M',TO_DATE('1936-10-06', 'YYYY-MM-DD'),'67499-053',396,'Publicador');
INSERT INTO Usuario(cpf,nome_usuario,sexo,d_nasc,end_cep,end_num,tipo) VALUES ('367.185.209-77','Sr. Juan Freitas','M',TO_DATE('1985-05-10', 'YYYY-MM-DD'),'08782781',163,'Normal');
INSERT INTO Usuario(cpf,nome_usuario,sexo,d_nasc,end_cep,end_num,tipo) VALUES ('261.849.530-60','Isabel Teixeira','F',TO_DATE('1990-05-09', 'YYYY-MM-DD'),'96679666',473,'Publicador');
INSERT INTO Usuario(cpf,nome_usuario,sexo,d_nasc,end_cep,end_num,tipo) VALUES ('451.026.398-89','Ana Lívia Ramos','M',TO_DATE('1939-04-13', 'YYYY-MM-DD'),'98969-291',271,'Normal');
INSERT INTO Usuario(cpf,nome_usuario,sexo,d_nasc,end_cep,end_num,tipo) VALUES ('261.079.485-11','João Felipe Castro','F',TO_DATE('1949-04-03', 'YYYY-MM-DD'),'51058692',180,'Normal');
INSERT INTO Usuario(cpf,nome_usuario,sexo,d_nasc,end_cep,end_num,tipo) VALUES ('490.163.578-66','Vinicius Gomes','M',TO_DATE('1983-01-18', 'YYYY-MM-DD'),'77636-944',479,'Normal');
INSERT INTO Usuario(cpf,nome_usuario,sexo,d_nasc,end_cep,end_num,tipo) VALUES ('147.039.825-79','Giovanna da Cruz','F',TO_DATE('1935-11-02', 'YYYY-MM-DD'),'71362008',539,'Publicador');
INSERT INTO Usuario(cpf,nome_usuario,sexo,d_nasc,end_cep,end_num,tipo) VALUES ('293.460.751-80','Dr. Breno Barbosa','F',TO_DATE('1920-12-12', 'YYYY-MM-DD'),'81660032',414,'Publicador');
INSERT INTO Usuario(cpf,nome_usuario,sexo,d_nasc,end_cep,end_num,tipo) VALUES ('625.819.347-19','João Vitor Aragão','F',TO_DATE('1975-03-12', 'YYYY-MM-DD'),'43537677',68,'Normal');
INSERT INTO Usuario(cpf,nome_usuario,sexo,d_nasc,end_cep,end_num,tipo) VALUES ('749.861.520-76','Davi Luiz da Cruz','M',TO_DATE('1982-02-21', 'YYYY-MM-DD'),'03439558',393,'Publicador');
INSERT INTO Usuario(cpf,nome_usuario,sexo,d_nasc,end_cep,end_num,tipo) VALUES ('235.870.416-44','Bianca Cardoso','M',TO_DATE('2000-09-03', 'YYYY-MM-DD'),'04367-967',510,'Publicador');
INSERT INTO Usuario(cpf,nome_usuario,sexo,d_nasc,end_cep,end_num,tipo) VALUES ('291.536.408-70','Dr. Pedro Lucas Martins','F',TO_DATE('1960-05-27', 'YYYY-MM-DD'),'77889-029',955,'Publicador');
INSERT INTO Usuario(cpf,nome_usuario,sexo,d_nasc,end_cep,end_num,tipo) VALUES ('524.069.837-65','Sra. Alexia Oliveira','M',TO_DATE('1973-09-10', 'YYYY-MM-DD'),'03880-122',332,'Publicador');
INSERT INTO Usuario(cpf,nome_usuario,sexo,d_nasc,end_cep,end_num,tipo) VALUES ('816.230.954-33','Sr. Erick Alves','F',TO_DATE('1937-08-09', 'YYYY-MM-DD'),'36492-371',576,'Publicador');
INSERT INTO Usuario(cpf,nome_usuario,sexo,d_nasc,end_cep,end_num,tipo) VALUES ('436.891.572-00','Dr. Thiago Pires','M',TO_DATE('1962-09-23', 'YYYY-MM-DD'),'46184311',808,'Publicador');
INSERT INTO Usuario(cpf,nome_usuario,sexo,d_nasc,end_cep,end_num,tipo) VALUES ('316.705.248-17','Sra. Ana Clara Monteiro','M',TO_DATE('1969-09-01', 'YYYY-MM-DD'),'53183-291',401,'Normal');
INSERT INTO Usuario(cpf,nome_usuario,sexo,d_nasc,end_cep,end_num,tipo) VALUES ('072.398.165-59','Lucas Sales','M',TO_DATE('1944-09-26', 'YYYY-MM-DD'),'04977-656',752,'Publicador');
INSERT INTO Usuario(cpf,nome_usuario,sexo,d_nasc,end_cep,end_num,tipo) VALUES ('186.295.374-00','Enzo Nascimento','F',TO_DATE('2014-11-08', 'YYYY-MM-DD'),'13705430',21,'Normal');
INSERT INTO Usuario(cpf,nome_usuario,sexo,d_nasc,end_cep,end_num,tipo) VALUES ('506.498.723-47','Dr. Felipe Duarte','F',TO_DATE('1935-10-28', 'YYYY-MM-DD'),'47157-480',476,'Publicador');
INSERT INTO Usuario(cpf,nome_usuario,sexo,d_nasc,end_cep,end_num,tipo) VALUES ('560.947.831-66','Eduarda Duarte','F',TO_DATE('2022-06-09', 'YYYY-MM-DD'),'23970252',740,'Publicador');
INSERT INTO Usuario(cpf,nome_usuario,sexo,d_nasc,end_cep,end_num,tipo) VALUES ('784.132.596-73','Luna da Mota','M',TO_DATE('1972-03-09', 'YYYY-MM-DD'),'63413226',95,'Normal');
INSERT INTO Usuario(cpf,nome_usuario,sexo,d_nasc,end_cep,end_num,tipo) VALUES ('704.268.135-53','Alexia Oliveira','M',TO_DATE('1956-09-13', 'YYYY-MM-DD'),'82463-143',225,'Publicador');
INSERT INTO Usuario(cpf,nome_usuario,sexo,d_nasc,end_cep,end_num,tipo) VALUES ('573.962.081-30','Ana Teixeira','F',TO_DATE('1955-08-20', 'YYYY-MM-DD'),'32706-672',317,'Normal');
INSERT INTO Usuario(cpf,nome_usuario,sexo,d_nasc,end_cep,end_num,tipo) VALUES ('134.692.750-25','Samuel Correia','M',TO_DATE('1992-09-11', 'YYYY-MM-DD'),'95856574',729,'Publicador');
INSERT INTO Usuario(cpf,nome_usuario,sexo,d_nasc,end_cep,end_num,tipo) VALUES ('283.197.546-82','Pedro Ribeiro','M',TO_DATE('1915-08-09', 'YYYY-MM-DD'),'84989-125',139,'Normal');
INSERT INTO Usuario(cpf,nome_usuario,sexo,d_nasc,end_cep,end_num,tipo) VALUES ('739.016.824-22','Laís Gonçalves','F',TO_DATE('1952-09-29', 'YYYY-MM-DD'),'86958-169',740,'Publicador');
INSERT INTO Usuario(cpf,nome_usuario,sexo,d_nasc,end_cep,end_num,tipo) VALUES ('820.315.647-90','Catarina Nascimento','M',TO_DATE('2016-03-11', 'YYYY-MM-DD'),'16982-208',122,'Publicador');
INSERT INTO Usuario(cpf,nome_usuario,sexo,d_nasc,end_cep,end_num,tipo) VALUES ('219.340.576-06','Lara Cardoso','M',TO_DATE('1960-09-01', 'YYYY-MM-DD'),'24512673',449,'Publicador');
INSERT INTO Usuario(cpf,nome_usuario,sexo,d_nasc,end_cep,end_num,tipo) VALUES ('483.751.026-44','Benício Santos','F',TO_DATE('1970-07-23', 'YYYY-MM-DD'),'37857764',979,'Publicador');
INSERT INTO Usuario(cpf,nome_usuario,sexo,d_nasc,end_cep,end_num,tipo) VALUES ('178.063.452-80','Diego Ribeiro','M',TO_DATE('1924-06-05', 'YYYY-MM-DD'),'60774578',88,'Normal');
INSERT INTO Usuario(cpf,nome_usuario,sexo,d_nasc,end_cep,end_num,tipo) VALUES ('186.035.794-66','Daniela da Cruz','F',TO_DATE('1994-02-14', 'YYYY-MM-DD'),'81165556',339,'Publicador');
INSERT INTO Usuario(cpf,nome_usuario,sexo,d_nasc,end_cep,end_num,tipo) VALUES ('839.470.125-60','Heitor Costa','M',TO_DATE('1945-01-31', 'YYYY-MM-DD'),'29079437',51,'Publicador');
INSERT INTO Usuario(cpf,nome_usuario,sexo,d_nasc,end_cep,end_num,tipo) VALUES ('459.637.102-43','Dra. Alexia Farias','M',TO_DATE('2001-06-26', 'YYYY-MM-DD'),'96155785',785,'Publicador');
INSERT INTO Usuario(cpf,nome_usuario,sexo,d_nasc,end_cep,end_num,tipo) VALUES ('537.086.129-30','Davi Jesus','F',TO_DATE('1946-01-26', 'YYYY-MM-DD'),'43438398',119,'Normal');
INSERT INTO Usuario(cpf,nome_usuario,sexo,d_nasc,end_cep,end_num,tipo) VALUES ('487.152.390-04','Carlos Eduardo Dias','F',TO_DATE('2019-03-04', 'YYYY-MM-DD'),'95751-205',206,'Publicador');
INSERT INTO Obra(id_obra,nome_obra,autor,nota,desenhista,diretor,eh_anime,eh_manga,cpf) VALUES (138,'AttackOnTitan','Yuri Silva',8,'Isabelly Nunes','Sr. Samuel Freitas',0,1,'065.179.834-57');
INSERT INTO Obra(id_obra,nome_obra,autor,nota,desenhista,diretor,eh_anime,eh_manga,cpf) VALUES (188,'Naruto','Yuri Nogueira',9,'Dr. Francisco Barbosa','Sr. Gustavo Duarte',1,0,'267.504.189-02');
INSERT INTO Obra(id_obra,nome_obra,autor,nota,desenhista,diretor,eh_anime,eh_manga,cpf) VALUES (665,'AssassinationClassroom','João Vitor Azevedo',6,'Luiz Fernando Cunha','Natália Gonçalves',1,1,'186.293.507-68');
INSERT INTO Obra(id_obra,nome_obra,autor,nota,desenhista,diretor,eh_anime,eh_manga,cpf) VALUES (533,'Bleach','Luiz Miguel Correia',10,'Maria Eduarda Lima','Pedro Caldeira',0,1,'413.985.726-91');
INSERT INTO Obra(id_obra,nome_obra,autor,nota,desenhista,diretor,eh_anime,eh_manga,cpf) VALUES (442,'DeathNote','Bruna Santos',7,'Lucas Moraes','Dr. Vitor Hugo Cunha',1,0,'261.849.530-60');
INSERT INTO Obra(id_obra,nome_obra,autor,nota,desenhista,diretor,eh_anime,eh_manga,cpf) VALUES (978,'BokuNoPico','Dra. Julia Teixeira',3,'Bryan da Cruz','Marcelo Rezende',1,1,'590.216.487-76');
INSERT INTO Obra(id_obra,nome_obra,autor,nota,desenhista,diretor,eh_anime,eh_manga,cpf) VALUES (251,'SamuraiX','Clara Nunes',5,'Júlia Martins','Enzo Campos',0,0,'608.914.723-04');
INSERT INTO Obra(id_obra,nome_obra,autor,nota,desenhista,diretor,eh_anime,eh_manga,cpf) VALUES (836,'Bleach','Dr. Gustavo Henrique Carvalho',7,'Beatriz Freitas','Luiz Henrique Viana',1,0,'413.985.726-91');
INSERT INTO Obra(id_obra,nome_obra,autor,nota,desenhista,diretor,eh_anime,eh_manga,cpf) VALUES (829,'Pokemon','Kamilly Araújo',10,'Mariana Ferreira','Eduardo Barbosa',1,0,'382.670.951-95');
INSERT INTO Obra(id_obra,nome_obra,autor,nota,desenhista,diretor,eh_anime,eh_manga,cpf) VALUES (723,'BokuNoHeroAcademia','Sophie Vieira',7,'Maria Vitória Correia','Enrico Almeida',1,1,'219.340.576-06');
INSERT INTO Episodio(titulo,id_obra,numero) VALUES ('Aliquam impedit iure.',723,76);
INSERT INTO Episodio(titulo,id_obra,numero) VALUES ('Dolore nisi illum.',251,30);
INSERT INTO Episodio(titulo,id_obra,numero) VALUES ('Repellat blanditiis.',829,87);
INSERT INTO Episodio(titulo,id_obra,numero) VALUES ('Facilis id.',836,42);
INSERT INTO Episodio(titulo,id_obra,numero) VALUES ('Iusto fugiat.',442,81);
INSERT INTO Episodio(titulo,id_obra,numero) VALUES ('Temporibus voluptate inventore in.',251,98);
INSERT INTO Episodio(titulo,id_obra,numero) VALUES ('Consequuntur praesentium.',723,31);
INSERT INTO Episodio(titulo,id_obra,numero) VALUES ('Fugit nihil.',829,93);
INSERT INTO Episodio(titulo,id_obra,numero) VALUES ('Quisquam numquam.',836,6);
INSERT INTO Episodio(titulo,id_obra,numero) VALUES ('Iusto fugit dolorum officiis.',188,38);
INSERT INTO Episodio(titulo,id_obra,numero) VALUES ('Ipsum aperiam ex.',442,12);
INSERT INTO Episodio(titulo,id_obra,numero) VALUES ('Nisi dicta iure.',978,28);
INSERT INTO Episodio(titulo,id_obra,numero) VALUES ('Mollitia consequuntur.',442,76);
INSERT INTO Episodio(titulo,id_obra,numero) VALUES ('Officiis veritatis.',978,48);
INSERT INTO Episodio(titulo,id_obra,numero) VALUES ('Enim error culpa.',251,71);
INSERT INTO Episodio(titulo,id_obra,numero) VALUES ('Quidem corporis voluptatum.',723,78);
INSERT INTO Episodio(titulo,id_obra,numero) VALUES ('Beatae.',442,35);
INSERT INTO Episodio(titulo,id_obra,numero) VALUES ('Occaecati modi cum.',533,55);
INSERT INTO Episodio(titulo,id_obra,numero) VALUES ('Nostrum ratione suscipit.',665,27);
INSERT INTO Episodio(titulo,id_obra,numero) VALUES ('Pariatur error.',723,40);
INSERT INTO Emails(cpf,email) VALUES ('507.436.921-52','da-motaandre@example.net');
INSERT INTO Emails(cpf,email) VALUES ('291.684.075-30','renanda-paz@example.org');
INSERT INTO Emails(cpf,email) VALUES ('035.692.471-80','dbarbosa@example.com');
INSERT INTO Emails(cpf,email) VALUES ('598.072.143-60','caldeiraluiz-felipe@example.net');
INSERT INTO Emails(cpf,email) VALUES ('916.720.485-67','enrico00@example.net');
INSERT INTO Emails(cpf,email) VALUES ('304.759.162-80','lopesfernando@example.net');
INSERT INTO Emails(cpf,email) VALUES ('267.504.189-02','maria41@example.com');
INSERT INTO Emails(cpf,email) VALUES ('537.086.129-30','gomescaroline@example.org');
INSERT INTO Emails(cpf,email) VALUES ('506.498.723-47','eduardocosta@example.org');
INSERT INTO Emails(cpf,email) VALUES ('160.573.249-43','leonardo88@example.org');
INSERT INTO Emails(cpf,email) VALUES ('134.692.750-25','claricejesus@example.org');
INSERT INTO Emails(cpf,email) VALUES ('827.609.513-59','ksouza@example.com');
INSERT INTO Emails(cpf,email) VALUES ('590.318.726-95','monteiroemanuel@example.com');
INSERT INTO Emails(cpf,email) VALUES ('749.861.520-76','renancavalcanti@example.org');
INSERT INTO Emails(cpf,email) VALUES ('378.946.510-01','eduardasilva@example.org');
INSERT INTO Emails(cpf,email) VALUES ('904.367.581-48','stellaribeiro@example.com');
INSERT INTO Emails(cpf,email) VALUES ('065.179.834-57','apeixoto@example.com');
INSERT INTO Emails(cpf,email) VALUES ('475.698.130-57','xrocha@example.net');
INSERT INTO Emails(cpf,email) VALUES ('904.367.581-48','zda-mota@example.org');
INSERT INTO Emails(cpf,email) VALUES ('845.092.136-89','jmartins@example.com');
INSERT INTO Emails(cpf,email) VALUES ('361.429.875-28','da-cruzgustavo-henrique@example.org');
INSERT INTO Emails(cpf,email) VALUES ('058.193.762-77','joao-felipe61@example.net');
INSERT INTO Emails(cpf,email) VALUES ('436.891.572-00','yasminda-rocha@example.net');
INSERT INTO Emails(cpf,email) VALUES ('817.436.590-75','da-conceicaogiovanna@example.net');
INSERT INTO Emails(cpf,email) VALUES ('150.734.298-50','rduarte@example.net');
INSERT INTO Emails(cpf,email) VALUES ('283.197.546-82','juanmendes@example.org');
INSERT INTO Emails(cpf,email) VALUES ('847.150.239-97','piresmaite@example.org');
INSERT INTO Emails(cpf,email) VALUES ('135.047.289-14','danielabarbosa@example.org');
INSERT INTO Emails(cpf,email) VALUES ('625.819.347-19','das-neveslucca@example.com');
INSERT INTO Emails(cpf,email) VALUES ('186.293.507-68','xsilveira@example.net');
INSERT INTO Tem(id_obra,numero,id_personagem,id_dublador) VALUES (836,42,191,937);
INSERT INTO Tem(id_obra,numero,id_personagem,id_dublador) VALUES (251,98,138,149);
INSERT INTO Tem(id_obra,numero,id_personagem,id_dublador) VALUES (978,28,268,919);
INSERT INTO Tem(id_obra,numero,id_personagem,id_dublador) VALUES (442,76,318,149);
INSERT INTO Tem(id_obra,numero,id_personagem,id_dublador) VALUES (533,55,611,525);
INSERT INTO Tem(id_obra,numero,id_personagem,id_dublador) VALUES (829,87,427,149);
INSERT INTO Tem(id_obra,numero,id_personagem,id_dublador) VALUES (723,40,191,798);
INSERT INTO Tem(id_obra,numero,id_personagem,id_dublador) VALUES (978,48,465,525);
INSERT INTO Tem(id_obra,numero,id_personagem,id_dublador) VALUES (442,12,368,461);
INSERT INTO Tem(id_obra,numero,id_personagem,id_dublador) VALUES (829,93,318,836);
INSERT INTO Amizade(cpf_convidado,cpf_convidador) VALUES ('381.254.697-37','436.725.908-00');
INSERT INTO Amizade(cpf_convidado,cpf_convidador) VALUES ('126.890.734-04','382.670.951-95');
INSERT INTO Amizade(cpf_convidado,cpf_convidador) VALUES ('851.492.063-42','937.026.415-99');
INSERT INTO Amizade(cpf_convidado,cpf_convidador) VALUES ('560.947.831-66','163.248.957-00');
INSERT INTO Amizade(cpf_convidado,cpf_convidador) VALUES ('378.946.510-01','475.216.093-52');
INSERT INTO Amizade(cpf_convidado,cpf_convidador) VALUES ('160.573.249-43','238.475.096-83');
INSERT INTO Amizade(cpf_convidado,cpf_convidador) VALUES ('598.072.143-60','835.291.407-32');
INSERT INTO Amizade(cpf_convidado,cpf_convidador) VALUES ('461.023.587-08','712.596.048-02');
INSERT INTO Amizade(cpf_convidado,cpf_convidador) VALUES ('267.435.018-08','408.762.913-96');
INSERT INTO Amizade(cpf_convidado,cpf_convidador) VALUES ('240.769.813-40','267.435.018-08');
INSERT INTO Assiste(cpf,id_obra,data_visto) VALUES ('904.367.581-48',829,TO_DATE('1977-08-02', 'YYYY-MM-DD'));
INSERT INTO Assiste(cpf,id_obra,data_visto) VALUES ('408.762.913-96',836,TO_DATE('1997-06-06', 'YYYY-MM-DD'));
INSERT INTO Assiste(cpf,id_obra,data_visto) VALUES ('845.092.136-89',978,TO_DATE('1980-04-20', 'YYYY-MM-DD'));
INSERT INTO Assiste(cpf,id_obra,data_visto) VALUES ('937.026.415-99',138,TO_DATE('2011-02-26', 'YYYY-MM-DD'));
INSERT INTO Assiste(cpf,id_obra,data_visto) VALUES ('937.026.415-99',665,TO_DATE('2019-02-28', 'YYYY-MM-DD'));
INSERT INTO Assiste(cpf,id_obra,data_visto) VALUES ('981.274.360-03',723,TO_DATE('1979-10-22', 'YYYY-MM-DD'));
INSERT INTO Assiste(cpf,id_obra,data_visto) VALUES ('749.861.520-76',138,TO_DATE('2021-12-27', 'YYYY-MM-DD'));
INSERT INTO Assiste(cpf,id_obra,data_visto) VALUES ('938.471.260-40',836,TO_DATE('1972-08-22', 'YYYY-MM-DD'));
INSERT INTO Assiste(cpf,id_obra,data_visto) VALUES ('498.135.706-01',723,TO_DATE('1991-10-02', 'YYYY-MM-DD'));
INSERT INTO Assiste(cpf,id_obra,data_visto) VALUES ('192.546.083-51',829,TO_DATE('1978-11-22', 'YYYY-MM-DD'));
INSERT INTO Ganhou(id_obra,id_categoria,nome_selo) VALUES (723,781,'MELHOR ANIME/MANGA - harem');
INSERT INTO Ganhou(id_obra,id_categoria,nome_selo) VALUES (829,807,'MELHOR ANIME/MANGA - harem');
INSERT INTO Ganhou(id_obra,id_categoria,nome_selo) VALUES (138,375,'MELHOR ANIME/MANGA - demons');
INSERT INTO Ganhou(id_obra,id_categoria,nome_selo) VALUES (836,780,'MELHOR ANIME/MANGA - parody');
INSERT INTO Ganhou(id_obra,id_categoria,nome_selo) VALUES (533,780,'MELHOR ANIME/MANGA - parody');
INSERT INTO Ganhou(id_obra,id_categoria,nome_selo) VALUES (533,375,'MELHOR ANIME/MANGA - demons');
INSERT INTO Ganhou(id_obra,id_categoria,nome_selo) VALUES (442,599,'MELHOR ANIME/MANGA - harem');
INSERT INTO Ganhou(id_obra,id_categoria,nome_selo) VALUES (188,650,'MELHOR ANIME/MANGA - parody');
INSERT INTO Ganhou(id_obra,id_categoria,nome_selo) VALUES (829,781,'MELHOR ANIME/MANGA - harem');
INSERT INTO Ganhou(id_obra,id_categoria,nome_selo) VALUES (138,796,'MELHOR ANIME/MANGA - parody');
